"first_name","last_name","company_name","address","city","county","state","zip","phone1","phone2","email","web"
"Weqid","Wegv","Benton, John B Jr","6649 N Blue Gum St","New Orleans","Orleans","LA","70116","726-152-2050","662-222-6428","fsipb@gqeed.dac","http://www.bentonjohnbjr.com"
"Bowirheko","Norimtx","Chanay, Jeffrey A Esq","4 B Blue Ridge Blvd","Brighton","Livingston","MI","48116","177-624-5360","806-850-0330","libokhici_nasaljv@namafmd.akp","http://www.chanayjeffreyaesq.com"
"Ivx","Farabe","Chemel, James L Cpa","8 W Cerritos Ave #54","Bridgeport","Gloucester","NJ","08014","104-178-1858","282-308-6234","emc@tesiri.iyb","http://www.chemeljameslcpa.com"
"Yikfi","Sitmefgi","Feltz Printing Service","639 Main St","Anchorage","Anchorage","AK","99501","761-811-6014","514-701-5778","gpocxiwma@helpiaw.xir","http://www.feltzprintingservice.com"
"Yajaxfa","Pirxac","Printing Dimensions","34 Center St","Hamilton","Butler","OH","45011","017-237-4315","860-846-2507","vigidve.katqak@nad.qas","http://www.printingdimensions.com"
"Woweve","Hadamto","Chapman, Ross E Esq","3 Mcauley Dr","Ashland","Ashland","OH","44805","584-837-8216","778-438-5515","bidexo@nececyi.qeg","http://www.chapmanrosseesq.com"
"Napqai","Caynjis","Morlong Associates","7 Eads St","Chicago","Cook","IL","60632","814-747-3752","684-318-6072","jivjie_goglnob@qahaa.yob","http://www.morlongassociates.com"
"Geeya","Yibseirx","Commercial Press","7 W Jackson Blvd","San Jose","Santa Clara","CA","95111","832-485-4548","585-253-0670","roago@hamyoit.ved","http://www.commercialpress.com"
"Degi","Vieqem","Truhlar And Truhlar Attys","5 Boston Ave #88","Sioux Falls","Minnehaha","SD","57105","242-154-3606","287-208-0644","lefo_gaaqig@gib.cic","http://www.truhlarandtruhlarattys.com"
"Mcew","Sogroap","King, Christopher A Esq","228 Runamuck Pl #2808","Baltimore","Baltimore City","MD","21224","784-433-6614","345-783-2564","bleq@qyaet.bos","http://www.kingchristopheraesq.com"
